<?xml version="1.0" encoding="UTF-8"?>
<!DOCTYPE suite SYSTEM "http://testng.org/testng-1.0.dtd">
<suite name="Suite">

	<listeners>
		<listener class-name="com.amazon.test.Listeners" />
		<listener class-name="resources.ExtentReporterNG" />
	</listeners>
	
	<test thread-count="5" name="Landing Page">
		<classes>
			<class name="com.amazon.test.HomePage" />
		</classes>
	</test>

	<!-- <test thread-count="5" name="Searching and Adding to cart">
		<classes>
			<class name="com.amazon.test.Search" />
		</classes>
	</test> -->
</suite> <!-- Suite -->
